experiment_id,split,model_name,feature_set,rows,train_rows,positive_rows,positive_share,threshold,accuracy,balanced_accuracy,precision,recall,specificity,npv,f1,roc_auc,pr_auc,tn,fp,fn,tp,selected_feature_count,numeric_feature_count,categorical_feature_count,train_rows_before_sample,max_train_rows,preprocess_seconds,fit_seconds,transform_seconds,warnings_count,validation_rank
E1_main_2015_2025,validation,lightgbm,full_without_covid_period_features,122616,300000,15574,0.12701441899915183,0.5,0.3896555098845175,0.6226914378918995,0.16475845683900894,0.9350841145498908,0.3102987612339082,0.9704610530006428,0.28015466892385826,0.7470483718272372,0.30427144879157614,33215,73827,1011,14563,213,210,3,954990,300000,1.9913809299468994,29.93108558654785,0.46009349822998047,0,1
E1_main_2015_2025,validation,lightgbm,historical_calendar_weather,122616,300000,15574,0.12701441899915183,0.5,0.36823089971944933,0.6087196625330379,0.1595392384452048,0.9311031205855914,0.2863362044804843,0.9661759606594584,0.2724036555928128,0.7404190599054759,0.3025414113002758,30650,76392,1073,14501,63,60,3,954990,300000,0.7001602649688721,11.763563632965088,0.1513233184814453,0,2
E1_main_2015_2025,validation,lightgbm,historical_only,122616,300000,15574,0.12701441899915183,0.5,0.37245547073791346,0.6038693360467404,0.1584506650342256,0.9140875818672146,0.29365109022626634,0.9591712184553416,0.27008414043009327,0.71671610200079,0.2691756698643796,31433,75609,1338,14236,24,22,2,954990,300000,0.2904980182647705,7.171945333480835,0.05391836166381836,0,3
